{
  "mean_predicted": [
    0.036327,
    0.067645,
    0.127872,
    0.177121,
    0.2272,
    0.28489,
    0.337816,
    0.374239,
    0.425329,
    0.465462,
    0.523912,
    0.57396,
    0.627187,
    0.673547,
    0.725481,
    0.772269,
    0.823164,
    0.870179,
    0.918614,
    0.960968
  ],
  "fraction_positive": [
    0.013831,
    0.053691,
    0.082734,
    0.221825,
    0.237984,
    0.258086,
    0.355814,
    0.377138,
    0.426092,
    0.46769,
    0.531905,
    0.595873,
    0.627036,
    0.687525,
    0.731978,
    0.790023,
    0.844656,
    0.87875,
    0.923307,
    0.961082
  ],
  "n_bins": 20,
  "model_version": "xshot_v1"
}